SourceNode	SourceLayer	TargetNode	TargetLayer
Pericentrin-GCP Complex	Complex	TUBGCP2	Proteins
Pericentrin-GCP Complex	Complex	TUBGCP3	Proteins
DNA Polymerase Alpha	Complex	POLA1	Proteins
DNA Polymerase Alpha	Complex	POLA2	Proteins
DNA Polymerase Alpha	Complex	PRIM1	Proteins
DNA Polymerase Alpha	Complex	PRIM2	Proteins
AP2 Clathrin	Complex	AP2M1	Proteins
AP2 Clathrin	Complex	AP2M2	Proteins
Centrosome	Complex	CEP250	Proteins
Centrosome	Complex	CEP135	Proteins
Centrosome	Complex	CEP112	Proteins
Centrosome	Complex	CEP350	Proteins
Centrosome	Complex	CEP43	Proteins
Centrosome	Complex	CEP68	Proteins
Centrosome	Complex	CENPF	Proteins
Centrosome	Complex	CDK5RAP2	Proteins
Centrosome	Complex	NINL	Proteins
Centrosome	Complex	PCNT	Proteins
Centrosome	Complex	NIN	Proteins
Centrosome	Complex	CNTRL	Proteins
TIM Complex	Complex	TIMM10	Proteins
TIM Complex	Complex	TIMM9	Proteins
TIM Complex	Complex	TIMM10B	Proteins
TIM Complex	Complex	TIMM29	Proteins
7SK snRNP	Complex	MEPCE	Proteins
7SK snRNP	Complex	LARP7	Proteins
Signal Recognition Particle	Complex	SRP72	Proteins
Signal Recognition Particle	Complex	SRP19	Proteins
Signal Recognition Particle	Complex	SRP54	Proteins
Mitochondrial Ribosome	Complex	MRPS5	Proteins
Mitochondrial Ribosome	Complex	MRPS27	Proteins
Mitochondrial Ribosome	Complex	MRPS25	Proteins
Mitochondrial Ribosome	Complex	MRPS2	Proteins
Exosome	Complex	EXOSC3	Proteins
Exosome	Complex	EXOSC2	Proteins
Exosome	Complex	EXOSC5	Proteins
Exosome	Complex	EXOSC8	Proteins
Fibrillin	Complex	FBN2	Proteins
Fibrillin	Complex	FBLN5	Proteins
Fibrillin	Complex	FBN1	Proteins
Nuclear Pore	Complex	NUP88	Proteins
Nuclear Pore	Complex	NUP54	Proteins
Nuclear Pore	Complex	NUP62	Proteins
Nuclear Pore	Complex	NUP58	Proteins
Nuclear Pore	Complex	NUP214	Proteins
Cul2 Complex	Complex	ZYG11B	Proteins
Cul2 Complex	Complex	CUL2	Proteins
Cul2 Complex	Complex	ELOB	Proteins
Cul2 Complex	Complex	ELOC	Proteins
Cul2 Complex	Complex	RBX1	Proteins
HOPS Complex	Complex	VPS11	Proteins
HOPS Complex	Complex	VPS39	Proteins
Nuclear Pore	Complex	NUP98	Proteins
Nuclear Pore	Complex	RAE1	Proteins
GPI-anchor Biosynthesis	Complex	PIGS	Proteins
GPI-anchor Biosynthesis	Complex	GPAA1	Proteins
Mitochondrial Metabolism	Process	PMPCB	Proteins
Mitochondrial Metabolism	Process	PMPCA	Proteins
Mitochondrial Metabolism	Process	PITRM1	Proteins
Mitochondrial Metabolism	Process	COQ8B	Proteins
Mitochondrial Metabolism	Process	ATP1B1	Proteins
Mitochondrial Metabolism	Process	ACADM	Proteins
Mitochondrial Metabolism	Process	AASS	Proteins
Solute Transport	Process	SLC30A7	Proteins
Solute Transport	Process	SLC30A9	Proteins
ER Morphology	Process	REEP5	Proteins
ER Morphology	Process	REEP6	Proteins
ER Morphology	Process	YIF1A	Proteins
ER Morphology	Process	RTN4	Proteins
RNA Processing	Process	RPL36	Proteins
RNA Processing	Process	DDX21	Proteins
RNA Processing	Process	RBM28	Proteins
RNA Processing	Process	LARP1	Proteins
RNA Processing	Process	PABPC1	Proteins
RNA Processing	Process	MOV10	Proteins
RNA Processing	Process	PABPC4	Proteins
RNA Processing	Process	RRP9	Proteins
RNA Processing	Process	UPF1	Proteins
Stress Granule Regulation	Process	G3BP1	Proteins
Stress Granule Regulation	Process	G3BP2	Proteins
Stress Granule Regulation	Process	CSNK2B	Proteins
Stress Granule Regulation	Process	CSNK2A2	Proteins
Protein Kinase A Signaling	Process	PRKAR2B	Proteins
Protein Kinase A Signaling	Process	PRKACA	Proteins
Protein Kinase A Signaling	Process	PRKAR2A	Proteins
Protein Kinase A Signaling	Process	AKAP9	Proteins
Golgi Organization	Process	GCC2	Proteins
Golgi Organization	Process	GOLGA3	Proteins
Golgi Organization	Process	GOLGB1	Proteins
Golgi Organization	Process	GOLGA2	Proteins
Golgi Organization	Process	GORASP1	Proteins
Golgi Organization	Process	GCC1	Proteins
Transcriptional Regulation	Process	TLE3	Proteins
Transcriptional Regulation	Process	TLE5	Proteins
Transcriptional Regulation	Process	TLE1	Proteins
Ion Transport	Process	ATP5MG	Proteins
Ion Transport	Process	ATP6AP1	Proteins
Ion Transport	Process	ATP13A3	Proteins
Electron Transport	Process	CYB5B	Proteins
Electron Transport	Process	CYB5R3	Proteins
Electron Transport	Process	NDUFAF2	Proteins
Membrane Trafficking	Process	LMAN2	Proteins
Membrane Trafficking	Process	RAB10	Proteins
Membrane Trafficking	Process	RAB14	Proteins
Membrane Trafficking	Process	RAB18	Proteins
Membrane Trafficking	Process	RAB1A	Proteins
Membrane Trafficking	Process	RAB2A	Proteins
Membrane Trafficking	Process	RAB5C	Proteins
Membrane Trafficking	Process	RAB7A	Proteins
Membrane Trafficking	Process	RAB8A	Proteins
Membrane Trafficking	Process	RALA	Proteins
GPCR Signaling	Process	GNB1	Proteins
GPCR Signaling	Process	GNG5	Proteins
GPCR Signaling	Process	RHOA	Proteins
Protein Palmitoylation	Process	ZDHHC5	Proteins
Protein Palmitoylation	Process	GOLGA7	Proteins
ECM Organization	Process	ADAM9	Proteins
ECM Organization	Process	ITGB1	Proteins
ECM Organization	Process	COL6A1	Proteins
ECM Organization	Process	PLOD2	Proteins
ECM Organization	Process	LOX	Proteins
Glycosaminoglycan Synthesis	Process	HS6ST2	Proteins
Glycosaminoglycan Synthesis	Process	CHPF2	Proteins
Glycosaminoglycan Synthesis	Process	CHPF	Proteins
Glycosylation	Process	POFUT1	Proteins
Glycosylation	Process	POGLUT3	Proteins
Glycosylation	Process	POGLUT2	Proteins
ER Protein Quality Control	Process	EDEM3	Proteins
ER Protein Quality Control	Process	ERLEC1	Proteins
ER Protein Quality Control	Process	OS9	Proteins
ER Protein Quality Control	Process	ERO1B	Proteins
ER Protein Quality Control	Process	FOXRED2	Proteins
ER Protein Quality Control	Process	HYOU1	Proteins
ER Protein Quality Control	Process	NGLY1	Proteins
ER Protein Quality Control	Process	SDF2	Proteins
ER Protein Quality Control	Process	SIL1	Proteins
ER Protein Quality Control	Process	TOR1A	Proteins
ER Protein Quality Control	Process	UGGT2	Proteins
MAPK Kinase Signaling	Process	MARK2	Proteins
MAPK Kinase Signaling	Process	MARK3	Proteins
MAPK Kinase Signaling	Process	MARK1	Proteins
Electron Transport	Process	NDUFB9	Proteins
Electron Transport	Process	ECSIT	Proteins
Electron Transport	Process	NDUFAF1	Proteins
Electron Transport	Process	ACAD9	Proteins
AASS	Proteins	PMPCB	Proteins
AASS	Proteins	PITRM1	Proteins
AASS	Proteins	COQ8B	Proteins
AASS	Proteins	PMPCA	Proteins
AATF	Proteins	NGDN	Proteins
AATF	Proteins	NOL10	Proteins
ACADM	Proteins	AASS	Proteins
ACADM	Proteins	PMPCB	Proteins
ACADM	Proteins	PITRM1	Proteins
ACADM	Proteins	COQ8B	Proteins
ACADM	Proteins	PMPCA	Proteins
ADAM9	Proteins	LOX	Proteins
ADAM9	Proteins	PLOD2	Proteins
ADAM9	Proteins	COL6A1	Proteins
AP2A2	Proteins	AP2M1	Proteins
ATP13A3	Proteins	ATP5MG	Proteins
ATP13A3	Proteins	ATP6AP1	Proteins
ATP1B1	Proteins	ACADM	Proteins
ATP1B1	Proteins	AASS	Proteins
ATP1B1	Proteins	PMPCB	Proteins
ATP1B1	Proteins	PITRM1	Proteins
ATP1B1	Proteins	COQ8B	Proteins
ATP1B1	Proteins	PMPCA	Proteins
ATP5MG	Proteins	ATP6AP1	Proteins
CDK5RAP2	Proteins	PCNT	Proteins
CDK5RAP2	Proteins	NINL	Proteins
CDK5RAP2	Proteins	NIN	Proteins
CENPF	Proteins	CDK5RAP2	Proteins
CENPF	Proteins	PCNT	Proteins
CENPF	Proteins	NINL	Proteins
CENPF	Proteins	NIN	Proteins
CEP112	Proteins	CENPF	Proteins
CEP112	Proteins	CDK5RAP2	Proteins
CEP112	Proteins	PCNT	Proteins
CEP112	Proteins	NINL	Proteins
CEP112	Proteins	NIN	Proteins
CEP135	Proteins	CEP112	Proteins
CEP135	Proteins	CENPF	Proteins
CEP135	Proteins	CDK5RAP2	Proteins
CEP135	Proteins	PCNT	Proteins
CEP135	Proteins	NINL	Proteins
CEP135	Proteins	NIN	Proteins
CEP250	Proteins	CEP135	Proteins
CEP250	Proteins	CEP112	Proteins
CEP250	Proteins	CENPF	Proteins
CEP250	Proteins	CDK5RAP2	Proteins
CEP250	Proteins	PCNT	Proteins
CEP250	Proteins	NINL	Proteins
CEP250	Proteins	NIN	Proteins
CEP350	Proteins	CEP250	Proteins
CEP350	Proteins	CEP135	Proteins
CEP350	Proteins	CEP112	Proteins
CEP350	Proteins	CENPF	Proteins
CEP350	Proteins	CDK5RAP2	Proteins
CEP350	Proteins	PCNT	Proteins
CEP350	Proteins	NINL	Proteins
CEP350	Proteins	NIN	Proteins
CEP43	Proteins	CEP350	Proteins
CEP43	Proteins	CEP250	Proteins
CEP43	Proteins	CEP135	Proteins
CEP43	Proteins	CEP112	Proteins
CEP43	Proteins	CENPF	Proteins
CEP43	Proteins	CDK5RAP2	Proteins
CEP43	Proteins	PCNT	Proteins
CEP43	Proteins	NINL	Proteins
CEP43	Proteins	NIN	Proteins
CEP68	Proteins	CEP43	Proteins
CEP68	Proteins	CEP350	Proteins
CEP68	Proteins	CEP250	Proteins
CEP68	Proteins	CEP135	Proteins
CEP68	Proteins	CEP112	Proteins
CEP68	Proteins	CENPF	Proteins
CEP68	Proteins	CDK5RAP2	Proteins
CEP68	Proteins	PCNT	Proteins
CEP68	Proteins	NINL	Proteins
CEP68	Proteins	NIN	Proteins
CHPF	Proteins	CHPF2	Proteins
CNTRL	Proteins	CEP68	Proteins
CNTRL	Proteins	CEP43	Proteins
CNTRL	Proteins	CEP350	Proteins
CNTRL	Proteins	CEP250	Proteins
CNTRL	Proteins	CEP135	Proteins
CNTRL	Proteins	CEP112	Proteins
CNTRL	Proteins	CENPF	Proteins
CNTRL	Proteins	CDK5RAP2	Proteins
CNTRL	Proteins	PCNT	Proteins
CNTRL	Proteins	NINL	Proteins
CNTRL	Proteins	NIN	Proteins
COQ8B	Proteins	PMPCA	Proteins
CSNK2A2	Proteins	G3BP2	Proteins
CSNK2A2	Proteins	G3BP1	Proteins
CSNK2B	Proteins	CSNK2A2	Proteins
CSNK2B	Proteins	G3BP2	Proteins
CSNK2B	Proteins	G3BP1	Proteins
CYB5B	Proteins	CYB5R3	Proteins
CYB5B	Proteins	NDUFAF2	Proteins
CYB5R3	Proteins	NDUFAF2	Proteins
DDX21	Proteins	UPF1	Proteins
DDX21	Proteins	RBM28	Proteins
DDX21	Proteins	MOV10	Proteins
DDX21	Proteins	PABPC1	Proteins
ECSIT	Proteins	ACAD9	Proteins
EDEM3	Proteins	ERLEC1	Proteins
EDEM3	Proteins	OS9	Proteins
EDEM3	Proteins	UGGT2	Proteins
EDEM3	Proteins	ERO1B	Proteins
EDEM3	Proteins	SIL1	Proteins
EDEM3	Proteins	HYOU1	Proteins
EDEM3	Proteins	NGLY1	Proteins
EDEM3	Proteins	TOR1A	Proteins
EDEM3	Proteins	FOXRED2	Proteins
EDEM3	Proteins	SDF2	Proteins
ELOB	Proteins	RBX1	Proteins
ELOB	Proteins	CUL2	Proteins
ELOC	Proteins	ELOB	Proteins
ELOC	Proteins	RBX1	Proteins
ELOC	Proteins	CUL2	Proteins
ERLEC1	Proteins	OS9	Proteins
ERLEC1	Proteins	UGGT2	Proteins
ERLEC1	Proteins	ERO1B	Proteins
ERLEC1	Proteins	SIL1	Proteins
ERLEC1	Proteins	HYOU1	Proteins
ERLEC1	Proteins	NGLY1	Proteins
ERLEC1	Proteins	TOR1A	Proteins
ERLEC1	Proteins	FOXRED2	Proteins
ERLEC1	Proteins	SDF2	Proteins
ERO1B	Proteins	SIL1	Proteins
ERO1B	Proteins	HYOU1	Proteins
ERO1B	Proteins	NGLY1	Proteins
ERO1B	Proteins	TOR1A	Proteins
ERO1B	Proteins	FOXRED2	Proteins
ERO1B	Proteins	SDF2	Proteins
EXOSC3	Proteins	EXOSC5	Proteins
EXOSC3	Proteins	EXOSC2	Proteins
EXOSC5	Proteins	EXOSC2	Proteins
EXOSC8	Proteins	EXOSC3	Proteins
EXOSC8	Proteins	EXOSC5	Proteins
EXOSC8	Proteins	EXOSC2	Proteins
FBN1	Proteins	FBN2	Proteins
FBN1	Proteins	FBLN5	Proteins
FBN2	Proteins	FBLN5	Proteins
FOXRED2	Proteins	SDF2	Proteins
G3BP2	Proteins	G3BP1	Proteins
GCC2	Proteins	GCC1	Proteins
GIGYF2	Proteins	EIF4E2	Proteins
GNB1	Proteins	RHOA	Proteins
GNG5	Proteins	GNB1	Proteins
GNG5	Proteins	RHOA	Proteins
GOLGA2	Proteins	GOLGA3	Proteins
GOLGA2	Proteins	GOLGB1	Proteins
GOLGA2	Proteins	GORASP1	Proteins
GOLGA2	Proteins	GCC2	Proteins
GOLGA2	Proteins	GCC1	Proteins
GOLGA3	Proteins	GOLGB1	Proteins
GOLGA3	Proteins	GORASP1	Proteins
GOLGA3	Proteins	GCC2	Proteins
GOLGA3	Proteins	GCC1	Proteins
GOLGA7	Proteins	ZDHHC5	Proteins
GOLGB1	Proteins	GORASP1	Proteins
GOLGB1	Proteins	GCC2	Proteins
GOLGB1	Proteins	GCC1	Proteins
GORASP1	Proteins	GCC2	Proteins
GORASP1	Proteins	GCC1	Proteins
GPAA1	Proteins	PIGS	Proteins
HS6ST2	Proteins	CHPF	Proteins
HS6ST2	Proteins	CHPF2	Proteins
HYOU1	Proteins	NGLY1	Proteins
HYOU1	Proteins	TOR1A	Proteins
HYOU1	Proteins	FOXRED2	Proteins
HYOU1	Proteins	SDF2	Proteins
ITGB1	Proteins	ADAM9	Proteins
ITGB1	Proteins	LOX	Proteins
ITGB1	Proteins	PLOD2	Proteins
ITGB1	Proteins	COL6A1	Proteins
LARP1	Proteins	PABPC4	Proteins
LARP1	Proteins	RRP9	Proteins
LARP1	Proteins	RPL36	Proteins
LARP1	Proteins	DDX21	Proteins
LARP1	Proteins	UPF1	Proteins
LARP1	Proteins	RBM28	Proteins
LARP1	Proteins	MOV10	Proteins
LARP1	Proteins	PABPC1	Proteins
LARP7	Proteins	MEPCE	Proteins
LMAN2	Proteins	RALA	Proteins
LOX	Proteins	PLOD2	Proteins
LOX	Proteins	COL6A1	Proteins
MARK1	Proteins	MARK2	Proteins
MARK1	Proteins	MARK3	Proteins
MARK2	Proteins	MARK3	Proteins
MOV10	Proteins	PABPC1	Proteins
MRPS2	Proteins	MRPS27	Proteins
MRPS25	Proteins	MRPS2	Proteins
MRPS25	Proteins	MRPS27	Proteins
MRPS5	Proteins	MRPS25	Proteins
MRPS5	Proteins	MRPS2	Proteins
MRPS5	Proteins	MRPS27	Proteins
NDUFAF1	Proteins	NDUFB9	Proteins
NDUFAF1	Proteins	ECSIT	Proteins
NDUFAF1	Proteins	ACAD9	Proteins
NDUFB9	Proteins	ECSIT	Proteins
NDUFB9	Proteins	ACAD9	Proteins
NGDN	Proteins	NOL10	Proteins
NGLY1	Proteins	TOR1A	Proteins
NGLY1	Proteins	FOXRED2	Proteins
NGLY1	Proteins	SDF2	Proteins
NINL	Proteins	NIN	Proteins
NUP214	Proteins	NUP58	Proteins
NUP214	Proteins	NUP88	Proteins
NUP214	Proteins	NUP54	Proteins
NUP58	Proteins	NUP88	Proteins
NUP58	Proteins	NUP54	Proteins
NUP62	Proteins	NUP214	Proteins
NUP62	Proteins	NUP58	Proteins
NUP62	Proteins	NUP88	Proteins
NUP62	Proteins	NUP54	Proteins
NUP88	Proteins	NUP54	Proteins
NUP98	Proteins	RAE1	Proteins
OS9	Proteins	UGGT2	Proteins
OS9	Proteins	ERO1B	Proteins
OS9	Proteins	SIL1	Proteins
OS9	Proteins	HYOU1	Proteins
OS9	Proteins	NGLY1	Proteins
OS9	Proteins	TOR1A	Proteins
OS9	Proteins	FOXRED2	Proteins
OS9	Proteins	SDF2	Proteins
PABPC4	Proteins	RRP9	Proteins
PABPC4	Proteins	RPL36	Proteins
PABPC4	Proteins	DDX21	Proteins
PABPC4	Proteins	UPF1	Proteins
PABPC4	Proteins	RBM28	Proteins
PABPC4	Proteins	MOV10	Proteins
PABPC4	Proteins	PABPC1	Proteins
PCNT	Proteins	NINL	Proteins
PCNT	Proteins	NIN	Proteins
PITRM1	Proteins	COQ8B	Proteins
PITRM1	Proteins	PMPCA	Proteins
PLEKHA5	Proteins	PDZD11	Proteins
PLOD2	Proteins	COL6A1	Proteins
PMPCB	Proteins	PITRM1	Proteins
PMPCB	Proteins	COQ8B	Proteins
PMPCB	Proteins	PMPCA	Proteins
POGLUT2	Proteins	POFUT1	Proteins
POGLUT3	Proteins	POGLUT2	Proteins
POGLUT3	Proteins	POFUT1	Proteins
POLA1	Proteins	POLA2	Proteins
POLA1	Proteins	PRIM1	Proteins
POLA1	Proteins	PRIM2	Proteins
POLA2	Proteins	PRIM1	Proteins
POLA2	Proteins	PRIM2	Proteins
PPIL3	Proteins	SLU7	Proteins
PRIM1	Proteins	PRIM2	Proteins
PRKACA	Proteins	PRKAR2A	Proteins
PRKACA	Proteins	PRKAR2B	Proteins
PRKACA	Proteins	AKAP9	Proteins
PRKAR2A	Proteins	PRKAR2B	Proteins
PRKAR2A	Proteins	AKAP9	Proteins
PRKAR2B	Proteins	AKAP9	Proteins
RAB10	Proteins	RAB5C	Proteins
RAB10	Proteins	RAB2A	Proteins
RAB10	Proteins	RAB1A	Proteins
RAB10	Proteins	LMAN2	Proteins
RAB10	Proteins	RALA	Proteins
RAB14	Proteins	RAB8A	Proteins
RAB14	Proteins	RAB7A	Proteins
RAB14	Proteins	RAB10	Proteins
RAB14	Proteins	RAB5C	Proteins
RAB14	Proteins	RAB2A	Proteins
RAB14	Proteins	RAB1A	Proteins
RAB14	Proteins	LMAN2	Proteins
RAB14	Proteins	RALA	Proteins
RAB18	Proteins	RAB14	Proteins
RAB18	Proteins	RAB8A	Proteins
RAB18	Proteins	RAB7A	Proteins
RAB18	Proteins	RAB10	Proteins
RAB18	Proteins	RAB5C	Proteins
RAB18	Proteins	RAB2A	Proteins
RAB18	Proteins	RAB1A	Proteins
RAB18	Proteins	LMAN2	Proteins
RAB18	Proteins	RALA	Proteins
RAB1A	Proteins	LMAN2	Proteins
RAB1A	Proteins	RALA	Proteins
RAB2A	Proteins	RAB1A	Proteins
RAB2A	Proteins	LMAN2	Proteins
RAB2A	Proteins	RALA	Proteins
RAB5C	Proteins	RAB2A	Proteins
RAB5C	Proteins	RAB1A	Proteins
RAB5C	Proteins	LMAN2	Proteins
RAB5C	Proteins	RALA	Proteins
RAB7A	Proteins	RAB10	Proteins
RAB7A	Proteins	RAB5C	Proteins
RAB7A	Proteins	RAB2A	Proteins
RAB7A	Proteins	RAB1A	Proteins
RAB7A	Proteins	LMAN2	Proteins
RAB7A	Proteins	RALA	Proteins
RAB8A	Proteins	RAB7A	Proteins
RAB8A	Proteins	RAB10	Proteins
RAB8A	Proteins	RAB5C	Proteins
RAB8A	Proteins	RAB2A	Proteins
RAB8A	Proteins	RAB1A	Proteins
RAB8A	Proteins	LMAN2	Proteins
RAB8A	Proteins	RALA	Proteins
RBM28	Proteins	MOV10	Proteins
RBM28	Proteins	PABPC1	Proteins
RBX1	Proteins	CUL2	Proteins
REEP5	Proteins	YIF1A	Proteins
REEP5	Proteins	RTN4	Proteins
REEP6	Proteins	REEP5	Proteins
REEP6	Proteins	YIF1A	Proteins
REEP6	Proteins	RTN4	Proteins
RPL36	Proteins	DDX21	Proteins
RPL36	Proteins	UPF1	Proteins
RPL36	Proteins	RBM28	Proteins
RPL36	Proteins	MOV10	Proteins
RPL36	Proteins	PABPC1	Proteins
RRP9	Proteins	RPL36	Proteins
RRP9	Proteins	DDX21	Proteins
RRP9	Proteins	UPF1	Proteins
RRP9	Proteins	RBM28	Proteins
RRP9	Proteins	MOV10	Proteins
RRP9	Proteins	PABPC1	Proteins
SIL1	Proteins	HYOU1	Proteins
SIL1	Proteins	NGLY1	Proteins
SIL1	Proteins	TOR1A	Proteins
SIL1	Proteins	FOXRED2	Proteins
SIL1	Proteins	SDF2	Proteins
SLC25A1	Proteins	SLC30A7	Proteins
SLC25A1	Proteins	SLC30A9	Proteins
SLC30A7	Proteins	SLC30A9	Proteins
SRP54	Proteins	SRP19	Proteins
SRP72	Proteins	SRP54	Proteins
SRP72	Proteins	SRP19	Proteins
TBK1	Proteins	TBKBP1	Proteins
TIMM10	Proteins	TIMM29	Proteins
TIMM10	Proteins	TIMM9	Proteins
TIMM10	Proteins	TIMM10B	Proteins
TIMM29	Proteins	TIMM9	Proteins
TIMM29	Proteins	TIMM10B	Proteins
TIMM9	Proteins	TIMM10B	Proteins
TLE1	Proteins	TLE3	Proteins
TLE1	Proteins	TLE5	Proteins
TLE3	Proteins	TLE5	Proteins
TOR1A	Proteins	FOXRED2	Proteins
TOR1A	Proteins	SDF2	Proteins
TUBGCP2	Proteins	TUBGCP3	Proteins
UBAP2L	Proteins	UBAP2	Proteins
UGGT2	Proteins	ERO1B	Proteins
UGGT2	Proteins	SIL1	Proteins
UGGT2	Proteins	HYOU1	Proteins
UGGT2	Proteins	NGLY1	Proteins
UGGT2	Proteins	TOR1A	Proteins
UGGT2	Proteins	FOXRED2	Proteins
UGGT2	Proteins	SDF2	Proteins
UPF1	Proteins	RBM28	Proteins
UPF1	Proteins	MOV10	Proteins
UPF1	Proteins	PABPC1	Proteins
VPS39	Proteins	VPS11	Proteins
WASHC4	Proteins	FKBP15	Proteins
YIF1A	Proteins	RTN4	Proteins
ZNF503	Proteins	DCAF7	Proteins
ZYG11B	Proteins	ELOC	Proteins
ZYG11B	Proteins	ELOB	Proteins
ZYG11B	Proteins	RBX1	Proteins
ZYG11B	Proteins	CUL2	Proteins
E	SARS-CoV-2	AP3B1	Proteins
E	SARS-CoV-2	BRD4	Proteins
E	SARS-CoV-2	BRD2	Proteins
E	SARS-CoV-2	CWC27	Proteins
E	SARS-CoV-2	ZC3H18	Proteins
E	SARS-CoV-2	SLC44A2	Proteins
M	SARS-CoV-2	PMPCB	Proteins
M	SARS-CoV-2	YIF1A	Proteins
M	SARS-CoV-2	ATP1B1	Proteins
M	SARS-CoV-2	ACADM	Proteins
M	SARS-CoV-2	ETFA	Proteins
M	SARS-CoV-2	STOM	Proteins
M	SARS-CoV-2	GGCX	Proteins
M	SARS-CoV-2	ATP6V1A	Proteins
M	SARS-CoV-2	PSMD8	Proteins
M	SARS-CoV-2	REEP5	Proteins
M	SARS-CoV-2	PMPCA	Proteins
M	SARS-CoV-2	ANO6	Proteins
M	SARS-CoV-2	PITRM1	Proteins
M	SARS-CoV-2	SLC30A9	Proteins
M	SARS-CoV-2	FASTKD5	Proteins
M	SARS-CoV-2	SLC30A7	Proteins
M	SARS-CoV-2	TUBGCP3	Proteins
M	SARS-CoV-2	COQ8B	Proteins
M	SARS-CoV-2	SAAL1	Proteins
M	SARS-CoV-2	REEP6	Proteins
M	SARS-CoV-2	INTS4	Proteins
M	SARS-CoV-2	SLC25A21	Proteins
M	SARS-CoV-2	TUBGCP2	Proteins
M	SARS-CoV-2	TARS2	Proteins
M	SARS-CoV-2	RTN4	Proteins
M	SARS-CoV-2	FAM8A1	Proteins
M	SARS-CoV-2	AASS	Proteins
M	SARS-CoV-2	AKAP8L	Proteins
M	SARS-CoV-2	AAR2	Proteins
M	SARS-CoV-2	BZW2	Proteins
N	SARS-CoV-2	RRP9	Proteins
N	SARS-CoV-2	PABPC1	Proteins
N	SARS-CoV-2	CSNK2A2	Proteins
N	SARS-CoV-2	CSNK2B	Proteins
N	SARS-CoV-2	G3BP1	Proteins
N	SARS-CoV-2	PABPC4	Proteins
N	SARS-CoV-2	LARP1	Proteins
N	SARS-CoV-2	FAM98A	Proteins
N	SARS-CoV-2	SNIP1	Proteins
N	SARS-CoV-2	UPF1	Proteins
N	SARS-CoV-2	MOV10	Proteins
N	SARS-CoV-2	G3BP2	Proteins
N	SARS-CoV-2	DDX21	Proteins
N	SARS-CoV-2	RBM28	Proteins
N	SARS-CoV-2	RPL36	Proteins
Spike	SARS-CoV-2	GOLGA7	Proteins
Spike	SARS-CoV-2	ZDHHC5	Proteins
Nsp1	SARS-CoV-2	POLA1	Proteins
Nsp1	SARS-CoV-2	PRIM1	Proteins
Nsp1	SARS-CoV-2	PRIM2	Proteins
Nsp1	SARS-CoV-2	POLA2	Proteins
Nsp1	SARS-CoV-2	COLGALT1	Proteins
Nsp1	SARS-CoV-2	PKP2	Proteins
Nsp10	SARS-CoV-2	AP2A2	Proteins
Nsp10	SARS-CoV-2	GFER	Proteins
Nsp10	SARS-CoV-2	ERGIC1	Proteins
Nsp10	SARS-CoV-2	AP2M1	Proteins
Nsp10	SARS-CoV-2	GRPEL1	Proteins
Nsp11	SARS-CoV-2	TBCA	Proteins
Nsp12	SARS-CoV-2	SBNO1	Proteins
Nsp12	SARS-CoV-2	BCKDK	Proteins
Nsp12	SARS-CoV-2	AKAP8	Proteins
Nsp12	SARS-CoV-2	MYCBP2	Proteins
Nsp12	SARS-CoV-2	SLU7	Proteins
Nsp12	SARS-CoV-2	RIPK1	Proteins
Nsp12	SARS-CoV-2	UBAP2L	Proteins
Nsp12	SARS-CoV-2	TYSND1	Proteins
Nsp12	SARS-CoV-2	PDZD11	Proteins
Nsp12	SARS-CoV-2	PRRC2B	Proteins
Nsp12	SARS-CoV-2	UBAP2	Proteins
Nsp12	SARS-CoV-2	ZNF318	Proteins
Nsp12	SARS-CoV-2	CRTC3	Proteins
Nsp12	SARS-CoV-2	USP54	Proteins
Nsp12	SARS-CoV-2	ZC3H7A	Proteins
Nsp12	SARS-CoV-2	LARP4B	Proteins
Nsp12	SARS-CoV-2	RBM41	Proteins
Nsp12	SARS-CoV-2	TCF12	Proteins
Nsp12	SARS-CoV-2	PPIL3	Proteins
Nsp12	SARS-CoV-2	PLEKHA5	Proteins
Nsp13	SARS-CoV-2	TBKBP1	Proteins
Nsp13	SARS-CoV-2	CIT	Proteins
Nsp13	SARS-CoV-2	HSBP1	Proteins
Nsp13	SARS-CoV-2	PCNT	Proteins
Nsp13	SARS-CoV-2	CEP43	Proteins
Nsp13	SARS-CoV-2	PRKAR2A	Proteins
Nsp13	SARS-CoV-2	PRKACA	Proteins
Nsp13	SARS-CoV-2	PRKAR2B	Proteins
Nsp13	SARS-CoV-2	RDX	Proteins
Nsp13	SARS-CoV-2	CENPF	Proteins
Nsp13	SARS-CoV-2	TLE1	Proteins
Nsp13	SARS-CoV-2	TLE3	Proteins
Nsp13	SARS-CoV-2	TLE5	Proteins
Nsp13	SARS-CoV-2	GOLGA3	Proteins
Nsp13	SARS-CoV-2	GOLGA2	Proteins
Nsp13	SARS-CoV-2	GOLGB1	Proteins
Nsp13	SARS-CoV-2	GRIPAP1	Proteins
Nsp13	SARS-CoV-2	CEP350	Proteins
Nsp13	SARS-CoV-2	PDE4DIP	Proteins
Nsp13	SARS-CoV-2	CEP135	Proteins
Nsp13	SARS-CoV-2	CEP68	Proteins
Nsp13	SARS-CoV-2	CNTRL	Proteins
Nsp13	SARS-CoV-2	ERC1	Proteins
Nsp13	SARS-CoV-2	GCC2	Proteins
Nsp13	SARS-CoV-2	CLIP4	Proteins
Nsp13	SARS-CoV-2	NIN	Proteins
Nsp13	SARS-CoV-2	CEP112	Proteins
Nsp13	SARS-CoV-2	MIPOL1	Proteins
Nsp13	SARS-CoV-2	USP13	Proteins
Nsp13	SARS-CoV-2	GCC1	Proteins
Nsp13	SARS-CoV-2	JAKMIP1	Proteins
Nsp13	SARS-CoV-2	CDK5RAP2	Proteins
Nsp13	SARS-CoV-2	AKAP9	Proteins
Nsp13	SARS-CoV-2	GORASP1	Proteins
Nsp13	SARS-CoV-2	FYCO1	Proteins
Nsp13	SARS-CoV-2	C1orf50	Proteins
Nsp13	SARS-CoV-2	CEP250	Proteins
Nsp13	SARS-CoV-2	TBK1	Proteins
Nsp13	SARS-CoV-2	HOOK1	Proteins
Nsp13	SARS-CoV-2	NINL	Proteins
Nsp14	SARS-CoV-2	GLA	Proteins
Nsp14	SARS-CoV-2	IMPDH2	Proteins
Nsp14	SARS-CoV-2	SIRT5	Proteins
Nsp15	SARS-CoV-2	NUTF2	Proteins
Nsp15	SARS-CoV-2	ARF6	Proteins
Nsp15	SARS-CoV-2	RNF41	Proteins
Nsp2	SARS-CoV-2	SLC27A2	Proteins
Nsp2	SARS-CoV-2	EIF4E2	Proteins
Nsp2	SARS-CoV-2	POR	Proteins
Nsp2	SARS-CoV-2	RAP1GDS1	Proteins
Nsp2	SARS-CoV-2	WASHC4	Proteins
Nsp2	SARS-CoV-2	FKBP15	Proteins
Nsp2	SARS-CoV-2	GIGYF2	Proteins
Nsp4	SARS-CoV-2	IDE	Proteins
Nsp4	SARS-CoV-2	TIMM10	Proteins
Nsp4	SARS-CoV-2	ALG11	Proteins
Nsp4	SARS-CoV-2	NUP210	Proteins
Nsp4	SARS-CoV-2	TIMM29	Proteins
Nsp4	SARS-CoV-2	DNAJC11	Proteins
Nsp4	SARS-CoV-2	TIMM10B	Proteins
Nsp4	SARS-CoV-2	TIMM9	Proteins
Nsp5	SARS-CoV-2	HDAC2	Proteins
Nsp5	SARS-CoV-2	GPX1	Proteins
Nsp5	SARS-CoV-2	TRMT1	Proteins
Nsp6	SARS-CoV-2	ATP5MG	Proteins
Nsp6	SARS-CoV-2	ATP6AP1	Proteins
Nsp6	SARS-CoV-2	SIGMAR1	Proteins
Nsp6	SARS-CoV-2	ATP13A3	Proteins
Nsp7	SARS-CoV-2	AGPS	Proteins
Nsp7	SARS-CoV-2	CYB5B	Proteins
Nsp7	SARS-CoV-2	ACSL3	Proteins
Nsp7	SARS-CoV-2	CYB5R3	Proteins
Nsp7	SARS-CoV-2	RALA	Proteins
Nsp7	SARS-CoV-2	COMT	Proteins
Nsp7	SARS-CoV-2	RAB5C	Proteins
Nsp7	SARS-CoV-2	RAB7A	Proteins
Nsp7	SARS-CoV-2	RAB8A	Proteins
Nsp7	SARS-CoV-2	RAB2A	Proteins
Nsp7	SARS-CoV-2	RAB10	Proteins
Nsp7	SARS-CoV-2	RAB14	Proteins
Nsp7	SARS-CoV-2	RHOA	Proteins
Nsp7	SARS-CoV-2	RAB1A	Proteins
Nsp7	SARS-CoV-2	GNB1	Proteins
Nsp7	SARS-CoV-2	GNG5	Proteins
Nsp7	SARS-CoV-2	LMAN2	Proteins
Nsp7	SARS-CoV-2	MOGS	Proteins
Nsp7	SARS-CoV-2	TOR1AIP1	Proteins
Nsp7	SARS-CoV-2	MTARC1	Proteins
Nsp7	SARS-CoV-2	QSOX2	Proteins
Nsp7	SARS-CoV-2	HS2ST1	Proteins
Nsp7	SARS-CoV-2	NDUFAF2	Proteins
Nsp7	SARS-CoV-2	SCCPDH	Proteins
Nsp7	SARS-CoV-2	SCARB1	Proteins
Nsp7	SARS-CoV-2	NAT14	Proteins
Nsp7	SARS-CoV-2	DCAKD	Proteins
Nsp7	SARS-CoV-2	FAM162A	Proteins
Nsp7	SARS-CoV-2	DNAJC19	Proteins
Nsp7	SARS-CoV-2	SELENOS	Proteins
Nsp7	SARS-CoV-2	PTGES2	Proteins
Nsp7	SARS-CoV-2	RAB18	Proteins
Nsp8	SARS-CoV-2	MPHOSPH10	Proteins
Nsp8	SARS-CoV-2	SRP72	Proteins
Nsp8	SARS-CoV-2	ATE1	Proteins
Nsp8	SARS-CoV-2	NSD2	Proteins
Nsp8	SARS-CoV-2	SRP19	Proteins
Nsp8	SARS-CoV-2	SRP54	Proteins
Nsp8	SARS-CoV-2	MRPS25	Proteins
Nsp8	SARS-CoV-2	DDX10	Proteins
Nsp8	SARS-CoV-2	LARP7	Proteins
Nsp8	SARS-CoV-2	MEPCE	Proteins
Nsp8	SARS-CoV-2	NGDN	Proteins
Nsp8	SARS-CoV-2	EXOSC8	Proteins
Nsp8	SARS-CoV-2	NARS2	Proteins
Nsp8	SARS-CoV-2	NOL10	Proteins
Nsp8	SARS-CoV-2	CCDC86	Proteins
Nsp8	SARS-CoV-2	SEPSECS	Proteins
Nsp8	SARS-CoV-2	EXOSC5	Proteins
Nsp8	SARS-CoV-2	EXOSC3	Proteins
Nsp8	SARS-CoV-2	AATF	Proteins
Nsp8	SARS-CoV-2	HECTD1	Proteins
Nsp8	SARS-CoV-2	MRPS2	Proteins
Nsp8	SARS-CoV-2	MRPS5	Proteins
Nsp8	SARS-CoV-2	EXOSC2	Proteins
Nsp8	SARS-CoV-2	MRPS27	Proteins
Nsp9	SARS-CoV-2	GTF2F2	Proteins
Nsp9	SARS-CoV-2	FBN1	Proteins
Nsp9	SARS-CoV-2	FBN2	Proteins
Nsp9	SARS-CoV-2	NUP214	Proteins
Nsp9	SARS-CoV-2	NUP62	Proteins
Nsp9	SARS-CoV-2	DCAF7	Proteins
Nsp9	SARS-CoV-2	EIF4H	Proteins
Nsp9	SARS-CoV-2	NUP54	Proteins
Nsp9	SARS-CoV-2	MIB1	Proteins
Nsp9	SARS-CoV-2	SPART	Proteins
Nsp9	SARS-CoV-2	NEK9	Proteins
Nsp9	SARS-CoV-2	ZNF503	Proteins
Nsp9	SARS-CoV-2	NUP88	Proteins
Nsp9	SARS-CoV-2	NUP58	Proteins
Nsp9	SARS-CoV-2	MAT2B	Proteins
Nsp9	SARS-CoV-2	FBLN5	Proteins
Orf10	SARS-CoV-2	PPT1	Proteins
Orf10	SARS-CoV-2	CUL2	Proteins
Orf10	SARS-CoV-2	MAP7D1	Proteins
Orf10	SARS-CoV-2	THTPA	Proteins
Orf10	SARS-CoV-2	ZYG11B	Proteins
Orf10	SARS-CoV-2	TIMM8B	Proteins
Orf10	SARS-CoV-2	RBX1	Proteins
Orf10	SARS-CoV-2	ELOC	Proteins
Orf10	SARS-CoV-2	ELOB	Proteins
Orf3a	SARS-CoV-2	HMOX1	Proteins
Orf3a	SARS-CoV-2	TRIM59	Proteins
Orf3a	SARS-CoV-2	ARL6IP6	Proteins
Orf3a	SARS-CoV-2	VPS39	Proteins
Orf3a	SARS-CoV-2	CLCC1	Proteins
Orf3a	SARS-CoV-2	VPS11	Proteins
Orf3a	SARS-CoV-2	SUN2	Proteins
Orf3a	SARS-CoV-2	ALG5	Proteins
Orf3b	SARS-CoV-2	STOML2	Proteins
Orf6	SARS-CoV-2	NUP98	Proteins
Orf6	SARS-CoV-2	RAE1	Proteins
Orf6	SARS-CoV-2	MTCH1	Proteins
Orf7a	SARS-CoV-2	HEATR3	Proteins
Orf7a	SARS-CoV-2	MDN1	Proteins
Orf8	SARS-CoV-2	PLOD2	Proteins
Orf8	SARS-CoV-2	TOR1A	Proteins
Orf8	SARS-CoV-2	STC2	Proteins
Orf8	SARS-CoV-2	PLAT	Proteins
Orf8	SARS-CoV-2	ITGB1	Proteins
Orf8	SARS-CoV-2	CISD3	Proteins
Orf8	SARS-CoV-2	COL6A1	Proteins
Orf8	SARS-CoV-2	PVR	Proteins
Orf8	SARS-CoV-2	DNMT1	Proteins
Orf8	SARS-CoV-2	LOX	Proteins
Orf8	SARS-CoV-2	PCSK6	Proteins
Orf8	SARS-CoV-2	INHBE	Proteins
Orf8	SARS-CoV-2	NPC2	Proteins
Orf8	SARS-CoV-2	MFGE8	Proteins
Orf8	SARS-CoV-2	OS9	Proteins
Orf8	SARS-CoV-2	NPTX1	Proteins
Orf8	SARS-CoV-2	POGLUT2	Proteins
Orf8	SARS-CoV-2	POGLUT3	Proteins
Orf8	SARS-CoV-2	ERO1B	Proteins
Orf8	SARS-CoV-2	PLD3	Proteins
Orf8	SARS-CoV-2	FOXRED2	Proteins
Orf8	SARS-CoV-2	CHPF	Proteins
Orf8	SARS-CoV-2	PUSL1	Proteins
Orf8	SARS-CoV-2	EMC1	Proteins
Orf8	SARS-CoV-2	GGH	Proteins
Orf8	SARS-CoV-2	ERLEC1	Proteins
Orf8	SARS-CoV-2	IL17RA	Proteins
Orf8	SARS-CoV-2	NGLY1	Proteins
Orf8	SARS-CoV-2	HS6ST2	Proteins
Orf8	SARS-CoV-2	SDF2	Proteins
Orf8	SARS-CoV-2	NEU1	Proteins
Orf8	SARS-CoV-2	GDF15	Proteins
Orf8	SARS-CoV-2	TM2D3	Proteins
Orf8	SARS-CoV-2	ERP44	Proteins
Orf8	SARS-CoV-2	EDEM3	Proteins
Orf8	SARS-CoV-2	SIL1	Proteins
Orf8	SARS-CoV-2	POFUT1	Proteins
Orf8	SARS-CoV-2	SMOC1	Proteins
Orf8	SARS-CoV-2	PLEKHF2	Proteins
Orf8	SARS-CoV-2	FBXL12	Proteins
Orf8	SARS-CoV-2	UGGT2	Proteins
Orf8	SARS-CoV-2	CHPF2	Proteins
Orf8	SARS-CoV-2	ADAMTS1	Proteins
Orf8	SARS-CoV-2	HYOU1	Proteins
Orf8	SARS-CoV-2	FKBP7	Proteins
Orf8	SARS-CoV-2	ADAM9	Proteins
Orf8	SARS-CoV-2	FKBP10	Proteins
Orf9b	SARS-CoV-2	SLC9A3R1	Proteins
Orf9b	SARS-CoV-2	CHMP2A	Proteins
Orf9b	SARS-CoV-2	CSDE1	Proteins
Orf9b	SARS-CoV-2	TOMM70	Proteins
Orf9b	SARS-CoV-2	MARK3	Proteins
Orf9b	SARS-CoV-2	MARK2	Proteins
Orf9b	SARS-CoV-2	DPH5	Proteins
Orf9b	SARS-CoV-2	DCTPP1	Proteins
Orf9b	SARS-CoV-2	MARK1	Proteins
Orf9b	SARS-CoV-2	PTBP2	Proteins
Orf9b	SARS-CoV-2	BAG5	Proteins
Orf9c	SARS-CoV-2	UBXN8	Proteins
Orf9c	SARS-CoV-2	GPAA1	Proteins
Orf9c	SARS-CoV-2	WFS1	Proteins
Orf9c	SARS-CoV-2	ABCC1	Proteins
Orf9c	SARS-CoV-2	F2RL1	Proteins
Orf9c	SARS-CoV-2	SCAP	Proteins
Orf9c	SARS-CoV-2	DPY19L1	Proteins
Orf9c	SARS-CoV-2	SIGMAR2	Proteins
Orf9c	SARS-CoV-2	SLC30A6	Proteins
Orf9c	SARS-CoV-2	TAPT1	Proteins
Orf9c	SARS-CoV-2	ERMP1	Proteins
Orf9c	SARS-CoV-2	NLRX1	Proteins
Orf9c	SARS-CoV-2	RETREG3	Proteins
Orf9c	SARS-CoV-2	PIGO	Proteins
Orf9c	SARS-CoV-2	FAR2	Proteins
Orf9c	SARS-CoV-2	ECSIT	Proteins
Orf9c	SARS-CoV-2	ALG8	Proteins
Orf9c	SARS-CoV-2	TMEM39B	Proteins
Orf9c	SARS-CoV-2	GHITM	Proteins
Orf9c	SARS-CoV-2	ACAD9	Proteins
Orf9c	SARS-CoV-2	NDFIP2	Proteins
Orf9c	SARS-CoV-2	BCS1L	Proteins
Orf9c	SARS-CoV-2	NDUFAF1	Proteins
Orf9c	SARS-CoV-2	TMED5	Proteins
Orf9c	SARS-CoV-2	NDUFB9	Proteins
Orf9c	SARS-CoV-2	PIGS	Proteins
ABBV-744	Drugs	E	SARS-CoV-2
CPI-0610	Drugs	E	SARS-CoV-2
dBET6	Drugs	E	SARS-CoV-2
MZ1	Drugs	E	SARS-CoV-2
RVX-208	Drugs	E	SARS-CoV-2
JQ1	Drugs	E	SARS-CoV-2
UCPH-101	Drugs	M	SARS-CoV-2
Sapanisertib (INK128/MlN128)	Drugs	N	SARS-CoV-2
Silmitasertib	Drugs	N	SARS-CoV-2
TMCB	Drugs	N	SARS-CoV-2
Rapamycin (Sirolimus)	Drugs	N	SARS-CoV-2
Rapamycin (Sirolimus)	Drugs	Nsp2	SARS-CoV-2
Rapamycin (Sirolimus)	Drugs	Orf8	SARS-CoV-2
Ponatinib	Drugs	Nsp12	SARS-CoV-2
WDB002	Drugs	Nsp13	SARS-CoV-2
H-89	Drugs	Nsp13	SARS-CoV-2
Sanglifehrin A	Drugs	Nsp14	SARS-CoV-2
Migalastat	Drugs	Nsp14	SARS-CoV-2
Mycophenolic acid	Drugs	Nsp14	SARS-CoV-2
Ribavirin	Drugs	Nsp14	SARS-CoV-2
Merimepodib	Drugs	Nsp14	SARS-CoV-2
Zotatifin (eFT226)	Drugs	Nsp2	SARS-CoV-2
Verdinexor	Drugs	Nsp4	SARS-CoV-2
Verdinexor	Drugs	Nsp9	SARS-CoV-2
Verdinexor	Drugs	Orf6	SARS-CoV-2
Valproic Acid	Drugs	Nsp5	SARS-CoV-2
Apicidin	Drugs	Nsp5	SARS-CoV-2
Chloroquine	Drugs	Nsp6	SARS-CoV-2
Loratadine	Drugs	Nsp6	SARS-CoV-2
E-52862	Drugs	Nsp6	SARS-CoV-2
Bafilomycin A1	Drugs	Nsp6	SARS-CoV-2
PD-144418	Drugs	Nsp6	SARS-CoV-2
RS-PPCC	Drugs	Nsp6	SARS-CoV-2
Haloperidol	Drugs	Nsp6	SARS-CoV-2
Haloperidol	Drugs	Orf9c	SARS-CoV-2
PB28	Drugs	Nsp6	SARS-CoV-2
PB29	Drugs	Orf9c	SARS-CoV-2
Indomethacin	Drugs	Nsp7	SARS-CoV-2
Entacapone	Drugs	Nsp7	SARS-CoV-2
Metformin	Drugs	Nsp7	SARS-CoV-2
Metformin	Drugs	Orf9c	SARS-CoV-2
Dabrafenib	Drugs	Nsp9	SARS-CoV-2
CB5083	Drugs	Orf10	SARS-CoV-2
Pevonedistat	Drugs	Orf10	SARS-CoV-2
DBeQ	Drugs	Orf10	SARS-CoV-2
ML240	Drugs	Orf10	SARS-CoV-2
Minoxidil	Drugs	Orf8	SARS-CoV-2
FK-506 (Tacrolimus)	Drugs	Orf8	SARS-CoV-2
XL413	Drugs	Orf8	SARS-CoV-2
CCT 365623	Drugs	Orf8	SARS-CoV-2
Midostaurin	Drugs	Orf9b	SARS-CoV-2
Ruxolitinib	Drugs	Orf9b	SARS-CoV-2
ZINC1775962367	Drugs	Orf9b	SARS-CoV-2
ZINC4326719	Drugs	Orf9b	SARS-CoV-2
ZINC4511851	Drugs	Orf9b	SARS-CoV-2
ZINC95559591	Drugs	Orf9b	SARS-CoV-2
ZINC95559592	Drugs	Nsp13	SARS-CoV-2
Daunorubicin	Drugs	Orf9c	SARS-CoV-2
S-verapamil	Drugs	Orf9c	SARS-CoV-2
AC-55541	Drugs	Orf9c	SARS-CoV-2
AZ3451	Drugs	Orf9c	SARS-CoV-2
AZ8838	Drugs	Orf9c	SARS-CoV-2
GB110	Drugs	Orf9c	SARS-CoV-2
ABBV-744	Drugs	BRD2	Proteins
ABBV-744	Drugs	BRD4	Proteins
CPI-0610	Drugs	BRD2	Proteins
CPI-0610	Drugs	BRD4	Proteins
dBET6	Drugs	BRD2	Proteins
dBET6	Drugs	BRD4	Proteins
MZ1	Drugs	BRD2	Proteins
MZ1	Drugs	BRD4	Proteins
RVX-208	Drugs	BRD2	Proteins
RVX-208	Drugs	BRD4	Proteins
JQ1	Drugs	BRD2	Proteins
JQ1	Drugs	BRD4	Proteins
UCPH-101	Drugs	SLC1A3	Proteins
Sapanisertib (INK128/MlN128)	Drugs	LARP1	Proteins
Silmitasertib	Drugs	CSNK2A2	Proteins
Silmitasertib	Drugs	CSNK2B	Proteins
TMCB	Drugs	CSNK2A2	Proteins
Rapamycin (Sirolimus)	Drugs	LARP1	Proteins
Rapamycin (Sirolimus)	Drugs	FKBP15	Proteins
Rapamycin (Sirolimus)	Drugs	FKBP7	Proteins
Rapamycin (Sirolimus)	Drugs	FKBP10	Proteins
Ponatinib	Drugs	RIPK1	Proteins
WDB002	Drugs	CEP250	Proteins
H-89	Drugs	PRKACA	Proteins
Sanglifehrin A	Drugs	IMPDH2	Proteins
Migalastat	Drugs	GLA	Proteins
Mycophenolic acid	Drugs	IMPDH2	Proteins
Ribavirin	Drugs	IMPDH2	Proteins
Merimepodib	Drugs	IMPDH2	Proteins
Zotatifin (eFT226)	Drugs	EIF4E2	Proteins
Zotatifin (eFT226)	Drugs	EIF4H	Proteins
Verdinexor	Drugs	NUP63	Proteins
Verdinexor	Drugs	NUP214	Proteins
Verdinexor	Drugs	NUP58	Proteins
Verdinexor	Drugs	NUP88	Proteins
Verdinexor	Drugs	NUP54	Proteins
Verdinexor	Drugs	NUP210	Proteins
Verdinexor	Drugs	NUP98	Proteins
Verdinexor	Drugs	RAE1	Proteins
Valproic Acid	Drugs	HDAC2	Proteins
Apicidin	Drugs	HDAC2	Proteins
Chloroquine	Drugs	SIGMAR1	Proteins
Loratadine	Drugs	SLC6A15	Proteins
E-52862	Drugs	SIGMAR1	Proteins
Bafilomycin A1	Drugs	ATP6AP1	Proteins
PD-144418	Drugs	SIGMAR1	Proteins
RS-PPCC	Drugs	SIGMAR1	Proteins
Haloperidol	Drugs	SIGMAR1	Proteins
Haloperidol	Drugs	TMEM97	Proteins
PB28	Drugs	SIGMAR1	Proteins
PB28	Drugs	TMEM97	Proteins
Indomethacin	Drugs	PTGES2	Proteins
Entacapone	Drugs	COMT	Proteins
Metformin	Drugs	NDUFAF2	Proteins
Metformin	Drugs	NDUFAF1	Proteins
Metformin	Drugs	NDUFB9	Proteins
Dabrafenib	Drugs	NEK9	Proteins
CB5083	Drugs	VCP	Proteins
Pevonedistat	Drugs	CUL2	Proteins
DBeQ	Drugs	VCP	Proteins
ML240	Drugs	VCP	Proteins
Minoxidil	Drugs	PLOD1	Proteins
Minoxidil	Drugs	PLOD2	Proteins
FK-506 (Tacrolimus)	Drugs	FKBP7	Proteins
FK-506 (Tacrolimus)	Drugs	FKBP10	Proteins
XL413	Drugs	DNMT1	Proteins
CCT 365623	Drugs	LOX	Proteins
Midostaurin	Drugs	MARK2	Proteins
Midostaurin	Drugs	MARK3	Proteins
Ruxolitinib	Drugs	MARK2	Proteins
Ruxolitinib	Drugs	MARK3	Proteins
ZINC1775962367	Drugs	DCTPP1	Proteins
ZINC4326719	Drugs	DCTPP1	Proteins
ZINC4511851	Drugs	DCTPP1	Proteins
ZINC95559591	Drugs	MARK3	Proteins
ZINC95559591	Drugs	TBK1	Proteins
Daunorubicin	Drugs	ABCC1	Proteins
S-verapamil	Drugs	ABCC1	Proteins
AC-55541	Drugs	F2RL1	Proteins
AZ3451	Drugs	F2RL1	Proteins
AZ8838	Drugs	F2RL1	Proteins
GB110	Drugs	F2RL1	Proteins
